{"R2 score": 0.17817362235765988, "MAE Score": 0.6826010618037947, "MSE Score": 0.879608219257999}